City_ID,City,Country,Date,Lat,Lng,Max Temp,Humidity,Cloudiness,Wind Speed
0,Peace River,CA,2020-11-07 21:32:37,56.25,-117.29,23.0,53,90,11.41
1,Tuktoyaktuk,CA,2020-11-07 21:32:37,69.45,-133.04,26.6,86,75,24.16
2,Primorsk,UA,2020-11-07 21:32:37,46.73,36.34,49.71,68,78,7.2
3,Hasaki,JP,2020-11-07 21:32:38,35.73,140.83,55.4,100,75,1.12
4,Mar Del Plata,AR,2020-11-07 21:29:40,-38.0,-57.56,71.6,53,0,6.93
5,Shingu,JP,2020-11-07 21:32:38,33.73,135.98,61.61,86,100,4.54
6,Upernavik,GL,2020-11-07 21:32:38,72.79,-56.15,-0.2,78,0,7.85
7,Vila Franca Do Campo,PT,2020-11-07 21:32:38,37.72,-25.43,59.0,72,20,8.05
8,Avarua,CK,2020-11-07 21:32:38,-21.21,-159.78,77.0,73,89,8.43
9,Takoradi,GH,2020-11-07 21:32:39,4.88,-1.76,78.87,87,99,8.93
10,Kodiak,US,2020-11-07 21:32:39,57.79,-152.41,42.8,81,90,10.29
11,Borovoy,RU,2020-11-07 21:32:39,55.43,86.08,35.6,80,0,11.18
12,Padang,ID,2020-11-07 21:32:39,-0.95,100.35,76.87,85,100,5.93
13,Rikitea,PF,2020-11-07 21:32:39,-23.12,-134.97,71.56,70,31,16.98
14,Hobart,AU,2020-11-07 21:28:24,-42.88,147.33,50.0,70,20,9.17
15,Alpinopolis,BR,2020-11-07 21:32:40,-20.86,-46.39,73.31,44,11,3.51
16,Balsas,BR,2020-11-07 21:31:08,-7.53,-46.04,83.08,61,57,6.38
17,Thompson,CA,2020-11-07 21:30:05,55.74,-97.86,19.4,85,90,2.24
18,Qui Nhon,VN,2020-11-07 21:32:40,13.77,109.23,74.1,87,64,13.11
19,Victoria,HK,2020-11-07 21:32:40,22.29,114.16,77.0,47,33,10.0
20,Mataura,NZ,2020-11-07 21:32:40,-46.19,168.86,51.01,57,49,8.99
21,Ponta Do Sol,PT,2020-11-07 21:32:41,32.67,-17.1,64.4,72,20,4.7
22,Iqaluit,CA,2020-11-07 21:32:41,63.75,-68.51,10.4,78,75,4.7
23,Verkhnyaya Inta,RU,2020-11-07 21:32:42,65.98,60.31,28.65,98,100,8.37
24,Ushuaia,AR,2020-11-07 21:29:05,-54.8,-68.3,59.0,44,75,12.75
25,Bethel,US,2020-11-07 21:32:42,41.37,-73.41,71.6,35,1,5.82
26,Port Elizabeth,ZA,2020-11-07 21:32:42,-33.92,25.57,62.6,93,1,5.82
27,Kapaa,US,2020-11-07 21:32:42,22.08,-159.32,80.6,83,75,16.11
28,Sabang,ID,2020-11-07 21:32:43,5.89,95.32,80.31,76,100,3.53
29,Rawson,AR,2020-11-07 21:32:43,-43.3,-65.1,65.88,40,92,18.37
30,Saskylakh,RU,2020-11-07 21:32:43,71.92,114.08,-8.57,89,3,7.49
31,Edd,ER,2020-11-07 21:32:43,13.93,41.69,80.98,56,24,17.13
32,Bluff,NZ,2020-11-07 21:32:43,-46.6,168.33,51.01,57,15,8.99
33,Olenino,RU,2020-11-07 21:32:44,56.21,33.49,45.46,90,89,14.76
34,Sistranda,NO,2020-11-07 21:32:44,63.73,8.83,42.8,87,75,11.41
35,Kearney,US,2020-11-07 21:32:44,40.7,-99.08,77.0,38,1,29.97
36,Port-Gentil,GA,2020-11-07 21:32:44,-0.72,8.78,78.8,94,75,11.41
37,Mahebourg,MU,2020-11-07 21:32:44,-20.41,57.7,73.4,78,75,6.93
38,Puteyets,RU,2020-11-07 21:32:45,65.17,57.09,31.73,99,100,8.28
39,Qaanaaq,GL,2020-11-07 21:32:45,77.48,-69.36,-12.75,71,0,8.03
40,Dickinson,US,2020-11-07 21:32:45,29.46,-95.05,80.01,57,40,8.05
41,Kruisfontein,ZA,2020-11-07 21:32:45,-34.0,24.73,60.01,82,0,2.37
42,Butaritari,KI,2020-11-07 21:32:45,3.07,172.79,81.43,72,99,11.07
43,Asau,RO,2020-11-07 21:32:46,46.43,26.4,42.01,95,0,3.49
44,Porto San Giorgio,IT,2020-11-07 21:32:46,43.18,13.79,55.99,88,0,5.39
45,Ilskiy,RU,2020-11-07 21:32:46,44.84,38.57,50.0,77,36,1.01
46,Meulaboh,ID,2020-11-07 21:32:46,4.14,96.13,75.97,84,100,3.04
47,Axim,GH,2020-11-07 21:32:46,4.87,-2.24,78.6,87,79,7.23
48,Juneau,US,2020-11-07 21:29:43,58.3,-134.42,28.99,92,75,3.62
49,Albany,US,2020-11-07 21:29:19,42.6,-73.97,66.0,44,100,2.33
50,Castro,BR,2020-11-07 21:32:47,-24.79,-50.01,65.7,53,0,3.22
51,Cherskiy,RU,2020-11-07 21:32:47,68.75,161.3,3.94,94,100,6.62
52,Lata,PT,2020-11-07 21:32:47,40.16,-8.33,60.01,90,88,3.0
53,New Norfolk,AU,2020-11-07 21:32:48,-42.78,147.06,50.0,64,7,1.99
54,Narsaq,GL,2020-11-07 21:32:48,60.92,-46.05,28.4,74,100,6.49
55,Lavrentiya,RU,2020-11-07 21:32:48,65.58,-171.0,29.35,95,57,8.99
56,Longyearbyen,SJ,2020-11-07 21:32:48,78.22,15.64,26.6,86,97,3.36
57,Pokhara,NP,2020-11-07 21:32:48,28.23,83.98,58.71,65,0,3.6
58,Vaini,TO,2020-11-07 21:32:48,-21.2,-175.2,78.8,74,20,5.82
59,Berlevag,NO,2020-11-07 21:32:49,70.86,29.09,38.82,78,87,24.52
60,Lebu,CL,2020-11-07 21:32:49,-37.62,-73.65,55.2,68,0,23.98
61,Dawei,MM,2020-11-07 21:32:49,14.08,98.2,76.3,79,46,4.97
62,Karratha,AU,2020-11-07 21:31:09,-20.74,116.85,70.59,64,0,9.93
63,Busselton,AU,2020-11-07 21:30:26,-33.65,115.33,55.0,66,31,2.33
64,Dingle,PH,2020-11-07 21:32:49,11.0,122.67,72.86,90,92,0.76
65,Cooma,AU,2020-11-07 21:32:50,-36.23,149.13,44.6,81,75,6.93
66,Gandu,BR,2020-11-07 21:32:50,-13.74,-39.49,72.05,93,88,2.68
67,Saint George,US,2020-11-07 21:30:45,37.1,-113.58,60.8,18,1,20.8
68,Douglas,US,2020-11-07 21:30:43,41.3,-96.17,77.0,41,1,16.11
69,Hovd,MN,2020-11-07 21:32:50,48.01,91.64,27.07,90,52,0.76
70,Agirish,RU,2020-11-07 21:32:50,61.92,63.02,28.76,98,38,6.6
71,Jamestown,US,2020-11-07 21:32:02,42.1,-79.24,66.2,37,1,6.93
72,Hermanus,ZA,2020-11-07 21:32:51,-34.42,19.23,59.0,85,3,8.99
73,Tual,ID,2020-11-07 21:32:51,-5.67,132.75,82.67,70,85,12.75
74,Pemba,MZ,2020-11-07 21:32:51,-12.97,40.52,77.0,83,20,9.17
75,Budaun,IN,2020-11-07 21:32:52,28.05,79.12,63.54,30,0,3.71
76,Luderitz,NA,2020-11-07 21:32:52,-26.65,15.16,62.26,86,0,5.7
77,Atuona,PF,2020-11-07 21:32:52,-9.8,-139.03,77.9,73,65,14.09
78,Ribeira Grande,PT,2020-11-07 21:32:52,38.52,-28.7,59.0,77,40,10.29
79,Ahipara,NZ,2020-11-07 21:32:52,-35.17,173.17,65.01,71,31,13.38
80,Pangoa,PE,2020-11-07 21:32:53,-12.12,-73.0,84.81,52,44,2.21
81,Yaan,NG,2020-11-07 21:32:53,7.38,8.57,76.8,43,80,3.58
82,Mitsamiouli,KM,2020-11-07 21:32:53,-11.38,43.28,80.11,71,75,9.28
83,Svetlogorsk,BY,2020-11-07 21:32:54,52.63,29.73,45.97,94,80,7.29
84,Baie-Comeau,CA,2020-11-07 21:30:18,49.22,-68.15,37.4,55,90,4.7
85,Tazovskiy,RU,2020-11-07 21:32:54,67.47,78.7,27.43,99,100,5.97
86,Soure,BR,2020-11-07 21:32:55,-0.72,-48.52,82.76,78,68,15.39
87,Bengkulu,ID,2020-11-07 21:32:55,-3.8,102.27,75.6,85,69,3.71
88,Barrow,US,2020-11-07 21:30:02,71.29,-156.79,30.2,92,90,23.04
89,Hualmay,PE,2020-11-07 21:32:56,-11.1,-77.61,65.23,73,25,10.18
90,Lasa,IT,2020-11-07 21:32:56,46.62,10.7,46.0,86,5,3.36
91,Bredasdorp,ZA,2020-11-07 21:32:57,-34.53,20.04,62.6,55,1,16.11
92,La Ronge,CA,2020-11-07 21:32:57,55.1,-105.28,21.2,73,100,8.05
93,Ostrogozhsk,RU,2020-11-07 21:32:57,50.87,39.08,41.04,90,0,7.9
94,Yellowknife,CA,2020-11-07 21:32:58,62.46,-114.35,12.0,85,75,4.7
95,Prainha,BR,2020-11-07 21:32:58,-1.8,-53.48,81.99,68,17,2.62
96,Dukat,RU,2020-11-07 21:32:58,62.55,155.55,-5.28,90,100,3.74
97,Bani,DO,2020-11-07 21:32:58,18.28,-70.33,82.0,94,75,5.82
98,Aklavik,CA,2020-11-07 21:32:58,68.22,-135.01,33.8,59,40,6.93
99,Melfort,CA,2020-11-07 21:32:59,52.87,-104.62,24.8,92,100,13.87
100,Kahului,US,2020-11-07 21:31:17,20.89,-156.47,87.8,52,40,25.28
101,Balykshi,KZ,2020-11-07 21:32:59,47.07,51.87,37.4,93,75,11.18
102,Port Lincoln,AU,2020-11-07 21:32:59,-34.73,135.87,61.95,66,25,15.9
103,Abu Kamal,SY,2020-11-07 21:33:00,34.45,40.92,63.86,57,15,3.96
104,Chernyshevskiy,RU,2020-11-07 21:33:00,63.01,112.47,-6.56,92,96,3.15
105,Tura,IN,2020-11-07 21:33:00,25.52,90.22,63.91,88,0,4.52
106,Kaitangata,NZ,2020-11-07 21:33:01,-46.28,169.85,52.0,52,75,11.01
107,Bukama,CD,2020-11-07 21:33:01,-9.2,25.85,73.56,83,17,1.34
108,Cape Town,ZA,2020-11-07 21:30:41,-33.93,18.42,62.01,82,75,17.22
109,San Pedro,PH,2020-11-07 21:33:02,14.35,121.02,77.0,88,75,11.41
110,Te Anau,NZ,2020-11-07 21:33:02,-45.42,167.72,47.8,55,66,7.74
111,Redlands,US,2020-11-07 21:32:02,34.06,-117.18,59.0,76,40,5.82
112,Kathmandu,NP,2020-11-07 21:33:03,27.72,85.32,51.8,100,20,3.36
113,Ulladulla,AU,2020-11-07 21:33:03,-35.35,150.47,60.01,62,33,9.17
114,Cidreira,BR,2020-11-07 21:33:04,-30.18,-50.21,67.91,84,32,14.7
115,Poum,NC,2020-11-07 21:33:04,-20.23,164.02,77.18,74,10,13.47
116,East London,ZA,2020-11-07 21:33:04,-33.02,27.91,69.01,76,0,4.61
117,Noumea,NC,2020-11-07 21:33:05,-22.28,166.46,80.01,78,89,9.17
118,Bathsheba,BB,2020-11-07 21:33:05,13.22,-59.52,82.4,78,40,16.11
119,Manta,EC,2020-11-07 21:33:06,-0.95,-80.73,80.6,65,75,10.29
120,Avera,US,2020-11-07 21:33:06,33.19,-82.53,80.6,54,40,9.17
121,Bambous Virieux,MU,2020-11-07 21:33:06,-20.34,57.76,73.4,78,75,6.93
122,Harnosand,SE,2020-11-07 21:33:06,62.63,17.94,41.0,93,0,3.36
123,Gamboma,CG,2020-11-07 21:33:06,-1.88,15.86,74.08,85,8,2.95
124,Leningradskiy,RU,2020-11-07 21:33:06,69.38,178.42,18.84,95,100,10.69
125,La Union,PE,2020-11-07 21:33:07,-5.4,-80.75,72.0,60,24,18.41
126,Punta Arenas,CL,2020-11-07 21:33:07,-53.15,-70.92,59.0,54,40,36.91
127,Alta Floresta,BR,2020-11-07 21:33:08,-9.88,-56.09,82.4,83,40,2.24
128,Moerai,PF,2020-11-07 21:33:08,-22.43,-151.33,77.32,83,17,11.45
129,Dikson,RU,2020-11-07 21:33:08,73.51,80.55,-2.94,89,47,11.27
130,Sao Joao Da Barra,BR,2020-11-07 21:33:08,-21.64,-41.05,73.4,78,75,9.17
131,Clyde River,CA,2020-11-07 21:33:08,70.47,-68.59,-4.0,76,20,4.7
132,Stromness,GB,2020-11-07 21:33:09,58.97,-3.3,41.0,93,4,1.12
133,Jumla,NP,2020-11-07 21:33:09,29.27,82.18,40.64,54,0,3.33
134,Dengzhou,CN,2020-11-07 21:33:09,37.81,120.75,48.02,52,0,15.88
135,Arraial Do Cabo,BR,2020-11-07 21:33:09,-22.97,-42.03,73.4,78,75,5.82
136,La Orilla,MX,2020-11-07 21:33:10,17.98,-102.23,82.62,72,98,8.57
137,Cayenne,GF,2020-11-07 21:33:10,4.93,-52.33,78.8,100,75,1.12
138,Kichmengskiy Gorodok,RU,2020-11-07 21:33:10,59.98,45.79,35.46,94,100,10.09
139,Hilo,US,2020-11-07 21:28:42,19.73,-155.09,78.8,78,90,6.93
140,Westport,US,2020-11-07 21:29:26,41.14,-73.36,70.0,45,1,6.93
141,Abong Mbang,CM,2020-11-07 21:33:10,3.98,13.18,68.88,88,87,1.43
142,Okha,RU,2020-11-07 21:33:11,53.57,142.95,25.0,90,80,6.62
143,Istanbul,TR,2020-11-07 21:30:05,41.04,28.98,57.2,82,90,12.75
144,Arona,ES,2020-11-07 21:33:11,28.1,-16.68,69.8,60,20,3.36
145,Pontianak,ID,2020-11-07 21:33:12,-0.03,109.33,76.21,91,100,2.95
146,Laguna,US,2020-11-07 21:31:38,38.42,-121.42,62.01,38,1,6.93
147,Kavieng,PG,2020-11-07 21:33:12,-2.57,150.8,84.43,68,61,7.81
148,Esperance,AU,2020-11-07 21:33:12,-33.87,121.9,55.4,100,90,6.93
149,High Level,CA,2020-11-07 21:33:12,58.52,-117.14,15.8,72,75,8.05
150,Salawagan,PH,2020-11-07 21:33:12,7.71,125.11,72.27,88,100,1.43
151,Umm Lajj,SA,2020-11-07 21:33:13,25.02,37.27,72.25,64,68,6.04
152,Proletarskiy,RU,2020-11-07 21:33:13,50.79,35.77,41.0,100,1,6.71
153,Tasiilaq,GL,2020-11-07 21:33:13,65.61,-37.64,26.6,92,63,8.05
154,Yarada,IN,2020-11-07 21:33:14,17.65,83.27,78.8,83,40,2.24
155,Labuhan,ID,2020-11-07 21:33:14,-6.88,112.21,78.13,81,0,9.08
156,Sangre Grande,TT,2020-11-07 21:33:14,10.58,-61.12,84.2,74,20,8.05
157,Yangjiang,CN,2020-11-07 21:33:14,21.85,111.97,69.12,74,0,8.39
158,Husavik,IS,2020-11-07 21:33:14,66.04,-17.34,46.4,52,75,17.22
159,Diyarb Najm,EG,2020-11-07 21:33:14,30.75,31.44,68.0,72,40,5.82
160,Salvador,SV,2020-11-07 21:33:15,13.83,-88.92,82.4,100,40,13.87
161,Puerto Ayora,EC,2020-11-07 21:33:15,-0.74,-90.35,77.0,65,20,20.8
162,Dunda,TZ,2020-11-07 21:33:15,-8.12,34.25,69.13,56,21,2.39
163,Chokurdakh,RU,2020-11-07 21:33:15,70.63,147.92,1.27,94,100,5.97
164,Vestmannaeyjar,IS,2020-11-07 21:33:16,63.44,-20.27,45.41,69,97,22.44
165,Staryy Nadym,RU,2020-11-07 21:33:16,65.61,72.68,32.07,99,100,4.18
166,Farap,TM,2020-11-07 21:33:16,39.17,63.61,51.8,25,0,9.17
167,Gejiu,CN,2020-11-07 21:33:16,23.31,103.16,46.49,100,3,3.98
168,Bemidji,US,2020-11-07 21:32:18,47.47,-94.88,57.99,71,1,5.57
169,Walla Walla,US,2020-11-07 21:31:45,46.06,-118.34,48.99,75,90,16.11
170,Sorong,ID,2020-11-07 21:33:17,-0.88,131.25,80.74,84,100,10.74
171,Chipata,ZM,2020-11-07 21:33:17,-13.63,32.65,74.28,38,32,11.25
172,Saint-Philippe,RE,2020-11-07 21:33:17,-21.36,55.77,73.4,83,0,6.93
173,Jizan,SA,2020-11-07 21:33:18,17.33,42.67,82.4,65,0,4.07
174,Cheyenne,US,2020-11-07 21:33:18,41.14,-104.82,61.0,26,90,5.82
175,Hanmer Springs,NZ,2020-11-07 21:33:18,-42.52,172.82,39.22,86,100,6.04
176,Waingapu,ID,2020-11-07 21:33:18,-9.66,120.26,80.17,71,77,3.02
177,Boralday,KZ,2020-11-07 21:33:18,43.36,76.86,32.0,35,63,2.24
178,Port Alfred,ZA,2020-11-07 21:33:18,-33.59,26.89,68.47,90,4,11.21
179,Polevskoy,RU,2020-11-07 21:33:19,56.44,60.19,37.4,86,75,8.95
180,Huangzhai,CN,2020-11-07 21:33:19,38.08,112.66,26.6,63,0,2.24
181,Acurenam,GQ,2020-11-07 21:33:20,1.03,10.65,69.19,98,100,3.53
182,Homer,US,2020-11-07 21:31:53,59.64,-151.55,36.0,86,90,3.36
183,Souillac,MU,2020-11-07 21:33:20,-20.52,57.52,73.4,78,75,6.93
184,Srednekolymsk,RU,2020-11-07 21:33:20,67.45,153.68,-4.36,92,99,8.66
185,Ilulissat,GL,2020-11-07 21:33:20,69.22,-51.1,12.2,56,22,6.93
186,Rafai,CF,2020-11-07 21:33:20,4.95,23.92,70.57,93,100,1.72
187,Sola,VU,2020-11-07 21:33:20,-13.88,167.55,81.55,81,39,13.27
188,Praia,CV,2020-11-07 21:29:57,14.92,-23.51,78.8,78,0,16.11
189,Dunedin,NZ,2020-11-07 21:32:03,-45.87,170.5,51.01,60,94,18.01
190,Cork,IE,2020-11-07 21:28:46,51.9,-8.47,54.0,100,75,11.41
191,Nanortalik,GL,2020-11-07 21:33:22,60.14,-45.24,32.47,89,100,6.73
192,Russellville,US,2020-11-07 21:33:22,35.28,-93.13,75.0,56,40,3.36
193,Shwebo,MM,2020-11-07 21:33:22,22.57,95.7,68.43,85,0,5.21
194,Sanandaj,IR,2020-11-07 21:32:44,35.31,46.99,47.35,78,64,5.86
195,Clovis,US,2020-11-07 21:32:29,36.83,-119.7,55.99,66,75,10.29
196,Caravelas,BR,2020-11-07 21:33:22,-17.71,-39.25,75.31,91,1,5.28
197,Biak,ID,2020-11-07 21:33:23,-0.91,122.88,77.79,76,98,7.05
198,Crib Point,AU,2020-11-07 21:33:23,-38.35,145.2,57.0,67,0,6.89
199,Sainte-Suzanne,RE,2020-11-07 21:33:24,-20.91,55.61,73.4,73,75,18.34
200,Coahuayana,MX,2020-11-07 21:33:24,18.73,-103.68,84.2,51,40,11.41
201,Eureka,US,2020-11-07 21:30:22,40.8,-124.16,55.0,59,1,8.01
202,Kendallville,US,2020-11-07 21:33:24,41.44,-85.27,69.8,42,0,9.17
203,Lubango,AO,2020-11-07 21:33:24,-14.92,13.49,65.48,37,68,4.32
204,Port Hawkesbury,CA,2020-11-07 21:33:25,45.62,-61.35,43.0,75,40,4.7
205,Batagay,RU,2020-11-07 21:33:25,67.63,134.63,-27.13,84,69,1.45
206,Baoning,CN,2020-11-07 21:33:26,25.34,110.03,57.2,87,0,4.47
207,Saint-Joseph,RE,2020-11-07 21:33:26,-21.37,55.62,71.6,83,0,6.93
208,Flin Flon,CA,2020-11-07 21:33:26,54.77,-101.86,19.4,85,90,8.05
209,Nikolskoye,RU,2020-11-07 21:33:26,59.7,30.79,48.2,81,90,17.9
210,San Patricio,US,2020-11-07 21:33:27,28.02,-97.52,82.0,61,20,14.99
211,Georgetown,MY,2020-11-07 21:31:09,5.41,100.34,78.8,94,20,3.47
212,Mount Gambier,AU,2020-11-07 21:33:27,-37.83,140.77,46.4,87,1,4.7
213,Oistins,BB,2020-11-07 21:33:27,13.07,-59.53,82.4,78,40,16.11
214,El Prat De Llobregat,ES,2020-11-07 21:33:28,41.33,2.09,61.0,100,0,2.24
215,Qingdao,CN,2020-11-07 21:33:28,36.1,120.37,48.99,75,0,4.47
216,Chapais,CA,2020-11-07 21:32:40,49.78,-74.85,32.0,98,90,10.29
217,Talnakh,RU,2020-11-07 21:33:28,69.49,88.4,17.6,85,75,22.37
218,Taksimo,RU,2020-11-07 21:33:29,56.34,114.88,1.53,83,96,0.81
219,Gouyave,GD,2020-11-07 21:32:48,12.16,-61.73,84.2,79,20,18.34
220,Khatanga,RU,2020-11-07 21:33:29,71.97,102.5,-3.78,87,5,13.42
221,Safaga,EG,2020-11-07 21:33:29,26.73,33.94,73.4,46,0,5.82
222,Kudahuvadhoo,MV,2020-11-07 21:33:30,2.67,72.89,83.68,69,80,7.81
223,Bereda,ES,2020-11-07 21:33:30,43.27,-7.54,59.0,16,2,3.62
224,Tateyama,JP,2020-11-07 21:32:03,34.98,139.87,63.0,73,81,7.83
225,Geraldton,AU,2020-11-07 21:33:30,-28.77,114.6,69.8,73,90,6.93
226,Nuuk,GL,2020-11-07 21:33:30,64.18,-51.72,21.2,100,90,17.22
227,Sur,OM,2020-11-07 21:33:30,22.57,59.53,75.81,73,0,7.99
228,Hirara,JP,2020-11-07 21:33:31,24.8,125.28,77.85,88,0,13.0
229,Provideniya,RU,2020-11-07 21:33:31,64.38,-173.3,28.69,93,15,3.6
230,Osypenko,UA,2020-11-07 21:33:31,46.91,36.83,45.0,100,63,15.01
231,Opuwo,NA,2020-11-07 21:33:31,-18.06,13.84,69.03,28,1,5.14
232,Luanda,AO,2020-11-07 21:29:45,-8.84,13.23,78.8,83,75,8.05
233,Beringovskiy,RU,2020-11-07 21:33:32,63.05,179.32,29.39,90,50,8.7
234,Temyasovo,RU,2020-11-07 21:33:32,52.99,58.1,35.6,93,90,4.47
235,Carnarvon,AU,2020-11-07 21:33:32,-24.87,113.63,69.8,77,75,14.99
236,Qaqortoq,GL,2020-11-07 21:33:33,60.72,-46.03,28.4,74,100,7.47
237,Kisangani,CD,2020-11-07 21:33:33,0.52,25.2,75.2,94,81,2.68
238,Kutum,SD,2020-11-07 21:33:33,14.2,24.67,65.95,30,0,8.52
239,Buriti Bravo,BR,2020-11-07 21:33:33,-5.84,-43.83,79.09,70,20,0.6
240,San Cristobal,VE,2020-11-07 21:30:39,7.77,-72.22,82.4,74,75,9.17
241,Zeya,RU,2020-11-07 21:33:34,53.75,127.27,10.26,84,41,7.58
242,Smidovich,RU,2020-11-07 21:33:34,48.6,133.82,26.11,94,3,4.61
243,Maragheh,IR,2020-11-07 21:33:34,37.39,46.24,42.8,93,0,4.7
244,Puerto Del Rosario,ES,2020-11-07 21:33:35,28.5,-13.86,68.0,82,20,4.7
245,Soyo,AO,2020-11-07 21:33:35,-6.13,12.37,78.12,85,99,8.61
246,Poso,ID,2020-11-07 21:33:35,-1.4,120.75,82.0,74,100,5.82
247,Nome,US,2020-11-07 21:33:10,64.5,-165.41,36.0,93,40,8.05
248,Broome,US,2020-11-07 21:33:35,42.25,-75.83,64.4,45,1,4.7
249,Anchorage,US,2020-11-07 21:33:35,61.22,-149.9,23.0,85,90,8.05
250,Sidi Ali,DZ,2020-11-07 21:33:36,36.1,0.42,64.06,69,0,3.62
251,Ribeira Brava,PT,2020-11-07 21:33:36,32.65,-17.07,64.4,72,20,4.7
252,Farafangana,MG,2020-11-07 21:33:36,-22.82,47.83,72.52,88,23,8.21
253,Nouadhibou,MR,2020-11-07 21:33:37,20.93,-17.03,71.6,73,0,13.87
254,Gadsden,US,2020-11-07 21:33:37,34.01,-86.01,66.2,93,90,10.29
255,Verkhnevilyuysk,RU,2020-11-07 21:33:37,63.45,120.32,-5.12,91,97,4.63
256,Hami,CN,2020-11-07 21:33:37,42.8,93.45,37.42,64,74,5.28
257,Haverfordwest,GB,2020-11-07 21:33:37,51.8,-4.97,57.2,82,100,8.05
258,Samarai,PG,2020-11-07 21:33:37,-10.62,150.67,81.68,82,17,7.94
259,Nelson Bay,AU,2020-11-07 21:33:38,-32.72,152.15,64.4,55,75,12.75
260,Catuday,PH,2020-11-07 21:33:38,16.29,119.81,78.94,85,100,8.25
261,Soto La Marina,MX,2020-11-07 21:30:30,23.77,-98.22,82.99,57,43,8.01
262,Flinders,AU,2020-11-07 21:33:38,-34.58,150.86,61.0,68,31,4.0
263,Cabo San Lucas,MX,2020-11-07 21:29:14,22.89,-109.91,82.99,65,40,8.05
264,Goma,CD,2020-11-07 21:33:39,-1.68,29.22,62.65,80,87,2.73
265,Tomatlan,MX,2020-11-07 21:33:39,19.93,-105.25,84.7,64,54,8.5
266,Lumeje,AO,2020-11-07 21:33:39,-11.55,20.78,70.0,76,85,3.33
267,Denizli,TR,2020-11-07 21:33:39,37.84,29.07,46.4,61,0,10.29
268,Cortez,US,2020-11-07 21:33:39,37.35,-108.59,55.4,58,90,25.28
269,Tiksi,RU,2020-11-07 21:33:39,71.69,128.87,-7.87,92,22,2.17
270,Fairbanks,US,2020-11-07 21:30:00,64.84,-147.72,26.6,79,90,4.7
271,Garowe,SO,2020-11-07 21:33:40,8.41,48.48,73.04,74,31,12.73
272,Hithadhoo,MV,2020-11-07 21:33:40,-0.6,73.08,83.48,72,25,8.05
273,Hofn,IS,2020-11-07 21:33:40,64.25,-15.21,43.52,82,100,18.66
274,Buluang,PH,2020-11-07 21:33:41,13.31,123.34,76.08,88,99,8.5
275,Athmallik,IN,2020-11-07 21:33:41,20.72,84.53,61.95,67,0,2.01
276,College,US,2020-11-07 21:33:41,64.86,-147.8,27.0,79,90,4.7
277,Morro Bay,US,2020-11-07 21:33:41,35.37,-120.85,60.01,74,42,13.0
278,Randudongkal,ID,2020-11-07 21:33:41,-7.1,109.32,64.0,88,33,3.2
279,Watsa,CD,2020-11-07 21:33:41,3.04,29.54,64.69,100,95,1.36
280,Sumbe,AO,2020-11-07 21:33:42,-11.21,13.84,76.48,81,97,8.28
281,Shimoda,JP,2020-11-07 21:33:10,34.67,138.95,59.0,92,97,17.58
282,Springbok,ZA,2020-11-07 21:33:42,-29.66,17.89,49.12,98,33,5.23
283,Comiso,IT,2020-11-07 21:33:42,36.95,14.61,57.0,87,30,3.36
284,Gediz,TR,2020-11-07 21:33:42,39.04,29.41,42.1,74,0,7.76
285,Los Llanos De Aridane,ES,2020-11-07 21:30:29,28.66,-17.92,68.0,64,20,8.05
286,Norman Wells,CA,2020-11-07 21:33:43,65.28,-126.83,26.6,100,90,5.82
287,Makurdi,NG,2020-11-07 21:33:43,7.74,8.51,78.08,45,71,3.6
288,Kalmar,SE,2020-11-07 21:33:43,56.66,16.36,50.0,76,85,6.93
289,Churapcha,RU,2020-11-07 21:33:43,62.0,132.43,-11.52,90,100,5.1
290,Senno,RU,2020-11-07 21:33:44,59.53,33.92,46.74,83,96,12.53
291,Walvis Bay,NA,2020-11-07 21:33:44,-22.96,14.51,60.01,87,0,2.24
292,Saint-Pierre,RE,2020-11-07 21:33:44,-21.34,55.48,71.6,83,0,6.93
293,Wanaka,NZ,2020-11-07 21:33:44,-44.7,169.15,46.0,73,98,1.01
294,Ayan,RU,2020-11-07 21:33:45,56.45,138.17,11.35,86,81,18.39
295,Masaka,UG,2020-11-07 21:33:45,-0.33,31.73,63.82,91,89,4.0
296,Faanui,PF,2020-11-07 21:33:45,-16.48,-151.75,79.03,78,77,12.15
297,Ibra,OM,2020-11-07 21:33:45,22.69,58.53,65.37,89,0,1.68
298,Vredendal,ZA,2020-11-07 21:33:45,-31.67,18.5,58.66,86,0,6.4
299,Griffith,US,2020-11-07 21:33:46,41.53,-87.42,71.6,43,1,16.11
300,Katangli,RU,2020-11-07 21:33:46,51.71,143.23,22.48,90,41,7.18
301,Nantucket,US,2020-11-07 21:30:44,41.28,-70.1,62.6,72,1,11.41
302,Bentiu,SS,2020-11-07 21:33:47,9.23,29.83,76.78,36,42,2.71
303,Rocha,UY,2020-11-07 21:33:47,-34.48,-54.33,61.68,86,28,6.46
304,Port Macquarie,AU,2020-11-07 21:29:35,-31.43,152.92,64.0,57,63,1.99
305,Bayir,TR,2020-11-07 21:33:47,37.27,28.22,64.4,36,0,5.82
306,Vostok,RU,2020-11-07 21:29:54,46.49,135.88,22.24,99,99,1.05
307,Grindavik,IS,2020-11-07 21:33:37,63.84,-22.43,41.0,80,75,19.46
308,Hurricane,US,2020-11-07 21:33:47,37.18,-113.29,60.8,18,1,20.8
309,Richards Bay,ZA,2020-11-07 21:33:48,-28.78,32.04,71.85,91,1,7.02
310,Hvolsvollur,IS,2020-11-07 21:33:48,63.75,-20.22,37.99,95,98,10.0
311,Amarante Do Maranhao,BR,2020-11-07 21:33:49,-5.57,-46.74,79.2,71,68,4.47
312,Kadugannawa,LK,2020-11-07 21:33:49,7.25,80.52,67.21,97,0,3.15
313,Chapleau,CA,2020-11-07 21:33:49,47.84,-83.4,53.6,87,90,2.24
314,Antofagasta,CL,2020-11-07 21:32:11,-23.65,-70.4,64.4,68,75,14.99
315,Zyryanovsk,KZ,2020-11-07 21:33:49,49.74,84.27,32.34,92,0,0.11
316,Tuatapere,NZ,2020-11-07 21:33:49,-46.13,167.68,51.01,57,44,8.99
317,Pisco,PE,2020-11-07 21:33:50,-13.7,-76.22,68.0,72,75,4.7
318,Klaksvik,FO,2020-11-07 21:33:50,62.23,-6.59,42.8,81,95,9.17
319,Fortuna,US,2020-11-07 21:30:10,40.6,-124.16,55.99,54,1,17.22
320,Hay River,CA,2020-11-07 21:33:50,60.82,-115.8,10.4,72,83,5.82
321,Tiarei,PF,2020-11-07 21:33:51,-17.53,-149.33,82.4,69,75,8.05
322,Rio Grande,BR,2020-11-07 21:29:07,-32.03,-52.1,71.6,73,75,18.34
323,Goya,AR,2020-11-07 21:33:51,-29.14,-59.26,78.04,52,0,6.73
324,Prokhorovka,RU,2020-11-07 21:33:51,51.04,36.73,41.0,100,0,6.71
325,Dekar,BW,2020-11-07 21:33:51,-21.53,21.93,82.87,15,0,3.53
326,Codrington,AU,2020-11-07 21:33:52,-38.27,141.97,51.75,79,22,8.57
327,Touros,BR,2020-11-07 21:33:52,-5.2,-35.46,80.6,78,40,9.17
328,Qiryat Shemona,IL,2020-11-07 21:33:53,33.21,35.57,69.8,60,100,5.82
329,Alofi,NU,2020-11-07 21:33:53,-19.06,-169.92,78.8,74,75,14.99
330,Isangel,VU,2020-11-07 21:33:53,-19.55,169.27,81.34,71,2,8.37
331,Kristiinankaupunki,FI,2020-11-07 21:33:53,62.27,21.38,42.94,69,38,8.28
332,Rangapara,IN,2020-11-07 21:33:54,26.82,92.65,63.55,73,0,3.67
333,Ayorou,NE,2020-11-07 21:33:54,14.73,0.92,83.07,15,0,8.39
334,High Rock,BS,2020-11-07 21:33:55,26.62,-78.28,78.8,88,90,8.05
335,Lorengau,PG,2020-11-07 21:33:55,-2.02,147.27,83.71,66,100,7.47
336,Portland,US,2020-11-07 21:33:18,45.52,-122.68,48.2,81,90,9.17
337,Nongan,CN,2020-11-07 21:33:55,44.38,125.17,28.4,50,0,11.18
338,Lagoa,PT,2020-11-07 21:33:56,39.05,-27.98,61.2,75,2,18.32
339,Bonavista,CA,2020-11-07 21:33:56,48.65,-53.11,39.0,80,92,4.7
340,Mehamn,NO,2020-11-07 21:33:57,71.04,27.85,38.52,76,87,25.26
341,Lompoc,US,2020-11-07 21:29:51,34.64,-120.46,57.2,62,40,14.99
342,Zheleznodorozhnyy,RU,2020-11-07 21:30:54,55.75,38.0,71.15,86,0,8.95
343,Belaya Gora,RU,2020-11-07 21:33:57,68.53,146.42,-2.33,93,100,2.57
344,Kousseri,CM,2020-11-07 21:33:57,12.08,15.03,75.2,44,2,3.36
345,Burnie,AU,2020-11-07 21:31:35,-41.07,145.92,53.56,69,3,9.24
346,Ancud,CL,2020-11-07 21:33:58,-41.87,-73.82,62.6,55,0,10.29
347,Tashtagol,RU,2020-11-07 21:33:58,52.77,87.89,34.34,89,1,2.89
348,Sitka,US,2020-11-07 21:33:59,57.05,-135.33,37.4,74,40,8.05
349,Mao,ES,2020-11-07 21:33:59,39.89,4.27,66.2,93,0,5.82
350,Cockburn Town,TC,2020-11-07 21:33:59,21.46,-71.14,75.2,88,90,11.41
351,Itaituba,BR,2020-11-07 21:34:00,-4.28,-55.98,91.4,55,40,2.24
352,Port Blair,IN,2020-11-07 21:34:00,11.67,92.75,80.91,80,0,7.67
353,Charters Towers,AU,2020-11-07 21:34:01,-20.1,146.27,77.95,63,23,15.32
354,Nizhniy Odes,RU,2020-11-07 21:34:01,63.64,54.86,32.61,96,100,8.12
355,Adrar,MR,2020-11-07 21:34:01,20.5,-10.07,84.69,18,63,9.62
356,Labuan,MY,2020-11-07 21:34:01,5.28,115.24,77.0,94,20,1.12
357,Impfondo,CG,2020-11-07 21:34:02,1.64,18.07,71.87,95,65,2.24
358,Kulhudhuffushi,MV,2020-11-07 21:34:02,6.62,73.07,83.91,77,100,15.84
359,Barinas,VE,2020-11-07 21:34:02,8.62,-70.21,79.84,84,89,1.99
360,Ariquemes,BR,2020-11-07 21:31:36,-9.91,-63.04,85.03,59,55,4.47
361,Darhan,MN,2020-11-07 21:34:03,49.49,105.92,23.86,88,0,4.83
362,Chunhuhub,MX,2020-11-07 21:34:03,19.55,-88.68,85.14,67,51,4.16
363,Alice Springs,AU,2020-11-07 21:31:00,-23.7,133.88,60.8,23,39,3.36
364,Bonney Lake,US,2020-11-07 21:34:03,47.18,-122.19,42.01,100,90,6.53
365,Fonte Boa,BR,2020-11-07 21:34:03,-2.5,-66.27,78.24,89,100,5.03
366,Butembo,CD,2020-11-07 21:34:03,0.15,29.28,56.88,100,69,2.01
367,Chigorodo,CO,2020-11-07 21:30:41,7.67,-76.68,81.48,74,55,4.09
368,Freetown,SL,2020-11-07 21:34:04,8.48,-13.23,80.6,78,75,8.05
369,Bourail,NC,2020-11-07 21:34:05,-21.57,165.48,75.69,71,60,10.45
370,Warrnambool,AU,2020-11-07 21:34:05,-38.38,142.48,55.0,74,0,1.99
371,Talaya,RU,2020-11-07 21:34:06,61.38,152.75,-4.13,89,100,3.87
372,Vaitape,PF,2020-11-07 21:34:06,-16.52,-151.75,79.88,76,77,12.1
373,Ponta Delgada,PT,2020-11-07 21:34:07,37.73,-25.67,59.0,72,20,8.05
374,Rosarito,MX,2020-11-07 21:33:25,32.33,-117.03,64.4,55,75,17.22
375,Klyuchi,RU,2020-11-07 21:34:07,52.27,79.17,43.5,59,95,15.79
376,Newport,GB,2020-11-07 21:31:24,51.59,-3.0,52.0,93,99,8.93
377,Itum-Kale,RU,2020-11-07 21:34:08,42.74,45.58,41.14,72,100,4.03
378,Keti Bandar,PK,2020-11-07 21:34:08,24.14,67.45,76.77,56,0,6.67
379,Port Hardy,CA,2020-11-07 21:29:47,50.7,-127.42,44.6,64,20,21.92
380,Bitkine,TD,2020-11-07 21:34:08,11.98,18.21,79.09,23,19,7.11
381,Dauriya,RU,2020-11-07 21:34:09,49.93,116.87,7.75,92,0,8.34
382,Namatanai,PG,2020-11-07 21:34:09,-3.67,152.43,83.64,68,63,5.37
383,Moree,AU,2020-11-07 21:34:09,-29.47,149.85,68.0,52,40,16.11
384,Camargo,MX,2020-11-07 21:34:09,27.67,-105.17,80.82,18,0,7.27
385,Bandarbeyla,SO,2020-11-07 21:34:10,9.49,50.81,75.96,84,90,13.69
386,Peniche,PT,2020-11-07 21:34:10,39.36,-9.38,63.0,88,10,8.01
387,Palivere,EE,2020-11-07 21:34:10,58.97,23.89,48.99,91,100,8.99
388,Guerrero Negro,MX,2020-11-07 21:34:10,27.98,-114.06,68.88,66,55,21.9
389,Deep River,CA,2020-11-07 21:34:10,46.1,-77.5,68.0,60,20,3.36
390,Buribay,RU,2020-11-07 21:34:10,51.96,58.16,36.5,83,100,12.93
391,Pocao De Pedras,BR,2020-11-07 21:34:11,-4.67,-44.85,80.04,77,97,0.6
392,Gazanjyk,TM,2020-11-07 21:34:11,39.24,55.52,52.3,83,99,3.22
393,Vanimo,PG,2020-11-07 21:34:11,-2.67,141.3,75.47,91,100,5.93
394,Iberia,US,2020-11-07 21:34:11,29.95,-91.75,84.2,54,90,8.05
395,Tevaitoa,PF,2020-11-07 21:34:12,-16.78,-151.5,80.06,74,67,11.39
396,Koutiala,ML,2020-11-07 21:34:12,12.39,-5.46,78.94,17,0,8.01
397,Contamana,PE,2020-11-07 21:34:12,-7.33,-75.02,92.07,42,99,2.26
398,Emerald,AU,2020-11-07 21:34:12,-23.53,148.17,73.4,78,90,13.87
399,Antalya,TR,2020-11-07 21:34:12,36.77,30.72,66.0,39,0,10.29
400,Deputatskiy,RU,2020-11-07 21:29:45,69.3,139.9,-6.23,92,96,3.4
401,Miri,MY,2020-11-07 21:34:13,4.41,114.01,77.0,100,40,4.7
402,Kieta,PG,2020-11-07 21:34:13,-6.22,155.63,83.61,69,3,0.4
403,Road Town,VG,2020-11-07 21:34:13,18.42,-64.62,82.4,78,40,6.93
404,Margate,GB,2020-11-07 21:34:13,51.38,1.39,54.0,91,79,3.0
405,Niigata,JP,2020-11-07 21:34:13,37.9,139.02,60.8,59,75,17.22
406,San Luis,AR,2020-11-07 21:34:13,-33.3,-66.34,81.81,27,61,8.68
407,Chuy,UY,2020-11-07 21:34:14,-33.7,-53.46,62.56,87,9,7.54
408,Pevek,RU,2020-11-07 21:34:14,69.7,170.31,15.76,96,98,2.33
409,Ossora,RU,2020-11-07 21:34:14,59.24,163.07,27.1,87,76,5.03
410,Tianpeng,CN,2020-11-07 21:34:14,30.99,103.94,64.0,93,61,1.43
411,Ahuimanu,US,2020-11-07 21:34:14,21.44,-157.84,84.2,69,75,8.05
412,Azare,NG,2020-11-07 21:34:15,11.68,10.19,73.26,21,51,7.78
413,Tommot,RU,2020-11-07 21:34:15,58.96,126.29,0.59,90,100,7.65
414,Katobu,ID,2020-11-07 21:34:15,-4.94,122.53,75.27,82,42,1.43
415,Suzhou,CN,2020-11-07 21:34:15,31.31,120.62,57.0,70,0,6.08
416,Bago,MM,2020-11-07 21:30:49,17.34,96.48,75.2,94,90,4.7
417,Songjianghe,CN,2020-11-07 21:34:15,42.19,127.48,22.19,84,0,8.39
418,San Quintin,MX,2020-11-07 21:34:16,30.48,-115.95,65.66,56,0,19.04
419,Khingansk,RU,2020-11-07 21:34:16,49.12,131.18,15.69,98,88,2.8
420,Itoman,JP,2020-11-07 21:34:16,26.12,127.67,75.2,94,40,4.7
421,Hervey Bay,AU,2020-11-07 21:34:16,-25.3,152.85,73.99,62,11,3.0
422,Hornepayne,CA,2020-11-07 21:34:16,49.21,-84.77,45.0,95,100,4.74
423,Manjacaze,MZ,2020-11-07 21:34:16,-24.71,33.88,84.74,38,0,10.02
424,Zaozerne,UA,2020-11-07 21:34:17,45.16,33.28,51.66,74,0,3.04
425,Cabatuan,PH,2020-11-07 21:34:17,10.88,122.49,73.22,89,98,1.34
426,Kloulklubed,PW,2020-11-07 21:34:17,7.04,134.26,77.0,94,90,10.29
427,Yar-Sale,RU,2020-11-07 21:34:17,66.83,70.83,25.81,99,93,3.04
428,Torbay,CA,2020-11-07 21:34:17,47.67,-52.73,45.0,73,55,7.0
429,Mandalgovi,MN,2020-11-07 21:34:17,45.76,106.27,25.84,69,0,8.32
430,Vila,PT,2020-11-07 21:34:18,42.03,-8.16,54.0,94,99,5.14
431,Katsuura,JP,2020-11-07 21:34:18,35.13,140.3,61.0,72,75,3.36
432,Yei,SS,2020-11-07 21:34:18,4.09,30.68,67.1,95,91,1.21
433,Moindou,NC,2020-11-07 21:34:18,-21.69,165.68,77.0,78,60,9.17
434,Havelock,US,2020-11-07 21:30:00,34.88,-76.9,75.0,73,20,10.29
435,Abyek,IR,2020-11-07 21:34:18,36.07,50.55,57.2,54,90,3.53
436,Baker City,US,2020-11-07 21:34:19,44.77,-117.83,41.0,65,90,17.22
437,Jinchang,CN,2020-11-07 21:34:19,38.5,102.17,37.47,56,0,2.46
438,Port Hedland,AU,2020-11-07 21:34:19,-20.32,118.57,75.2,83,0,8.05
439,Coihaique,CL,2020-11-07 21:34:10,-45.58,-72.07,68.0,34,0,8.05
440,Trairi,BR,2020-11-07 21:32:52,-3.28,-39.27,79.92,74,0,10.83
441,Manyana,BW,2020-11-07 21:34:20,-23.4,21.72,84.81,14,0,5.82
442,Birao,CF,2020-11-07 21:34:20,10.28,22.79,76.77,35,100,2.95
443,Fallon,US,2020-11-07 21:29:31,39.47,-118.78,43.0,80,90,11.41
444,Prince Rupert,CA,2020-11-07 21:32:36,54.32,-130.32,41.0,60,1,16.11
445,Nerchinskiy Zavod,RU,2020-11-07 21:34:21,51.31,119.61,3.16,89,0,2.73
446,Altay,CN,2020-11-07 21:34:21,47.87,88.12,35.19,77,75,3.38
447,Metaxades,GR,2020-11-07 21:34:21,41.42,26.23,47.86,72,56,9.84
448,Fukue,JP,2020-11-07 21:29:33,32.69,128.84,65.98,49,56,20.58
449,Gelemso,ET,2020-11-07 21:34:22,8.82,40.52,59.9,84,85,2.66
450,Chateau-Gontier,FR,2020-11-07 21:34:22,47.83,-0.7,61.0,82,90,6.93
451,Saint-Raymond,CA,2020-11-07 21:34:22,45.47,-73.61,66.2,55,100,3.36
452,Berasia,IN,2020-11-07 21:34:23,23.63,77.43,59.0,82,0,4.7
453,Gilbues,BR,2020-11-07 21:34:23,-9.83,-45.34,75.54,83,26,4.83
454,Loreto,MX,2020-11-07 21:34:23,22.27,-101.97,73.69,20,90,5.08
455,Derzhavinsk,KZ,2020-11-07 21:34:23,51.1,66.32,42.6,81,100,20.65
456,Boone,US,2020-11-07 21:34:24,39.03,-92.33,75.0,52,0,1.99
457,Mount Isa,AU,2020-11-07 21:34:24,-20.73,139.5,78.8,12,13,8.05
458,Pangnirtung,CA,2020-11-07 21:34:24,66.15,-65.71,10.4,85,90,9.17
459,Anadyr,RU,2020-11-07 21:34:24,64.75,177.48,21.2,92,40,4.47
460,Whitianga,NZ,2020-11-07 21:34:25,-36.83,175.7,68.0,82,54,8.99
461,Hokitika,NZ,2020-11-07 21:34:25,-42.72,170.97,54.36,68,100,9.35
462,Mildura,AU,2020-11-07 21:34:25,-34.2,142.15,55.99,62,0,12.75
463,Urambo,TZ,2020-11-07 21:34:26,-5.07,32.05,73.78,60,66,2.73
464,Andros Town,BS,2020-11-07 21:34:26,24.7,-77.77,71.6,100,90,16.11
465,Sweetwater,US,2020-11-07 21:34:26,25.76,-80.37,80.6,78,90,17.22
466,Gawler,AU,2020-11-07 21:34:27,-34.6,138.73,61.0,57,0,11.01
467,North Bend,US,2020-11-07 21:34:28,43.41,-124.22,55.4,66,90,13.87
468,Dogondoutchi,NE,2020-11-07 21:34:28,13.64,4.03,80.51,16,0,7.45
469,Neuquen,AR,2020-11-07 21:29:37,-38.95,-68.06,86.0,28,0,10.29
470,Orel,RU,2020-11-07 21:30:23,52.97,36.08,40.12,89,0,1.05
471,Beloha,MG,2020-11-07 21:34:10,-25.17,45.05,72.01,65,0,3.62
472,Ambilobe,MG,2020-11-07 21:34:28,-13.2,49.05,73.63,80,100,3.69
473,Buala,SB,2020-11-07 21:34:29,-8.14,159.59,84.63,71,67,4.79
474,Bilma,NE,2020-11-07 21:34:29,18.69,12.92,70.99,31,0,13.42
475,Cabedelo,BR,2020-11-07 21:34:29,-6.98,-34.83,80.6,78,40,13.87
476,Broken Hill,AU,2020-11-07 21:34:09,-31.95,141.43,59.0,41,0,12.75
477,Menongue,AO,2020-11-07 21:34:30,-14.66,17.69,71.87,53,95,4.97
478,Okitipupa,NG,2020-11-07 21:34:30,6.5,4.78,75.7,94,100,2.53
479,Keetmanshoop,NA,2020-11-07 21:34:30,-26.58,18.13,65.23,53,0,11.83
480,Gboko,NG,2020-11-07 21:34:30,7.32,9.0,78.98,38,41,2.35
481,Chalus,IR,2020-11-07 21:34:30,36.66,51.42,64.4,88,90,4.29
482,Nosy Varika,MG,2020-11-07 21:34:30,-20.58,48.53,71.38,88,5,6.13
483,Petropavlovka,RU,2020-11-07 21:34:31,50.61,105.32,22.44,88,20,3.94
484,Marsh Harbour,BS,2020-11-07 21:34:31,26.54,-77.06,78.89,77,100,26.06
485,Komsomolskiy,UZ,2020-11-07 21:34:32,40.43,71.72,48.2,48,82,6.93
486,Shelburne,CA,2020-11-07 21:32:45,44.08,-80.2,68.0,52,1,6.93
487,Severo-Kurilsk,RU,2020-11-07 21:34:32,50.68,156.12,35.22,80,3,1.61
488,Marathon,US,2020-11-07 21:32:06,44.9,-89.77,69.8,52,1,18.34
489,Bolivar,US,2020-11-07 21:34:33,37.61,-93.41,73.99,50,2,1.01
490,Sinnamary,GF,2020-11-07 21:34:33,5.38,-52.95,80.01,82,98,14.03
491,Jinji,CN,2020-11-07 21:34:33,23.23,110.83,62.22,62,0,2.44
492,Lugovoy,KZ,2020-11-07 21:34:34,42.95,72.76,56.84,30,100,9.01
493,Merrill,US,2020-11-07 21:34:34,45.18,-89.68,69.8,52,1,18.34
494,Gat,IL,2020-11-07 21:34:34,31.61,34.76,66.99,76,46,5.08
495,Sadao,TH,2020-11-07 21:34:34,6.64,100.42,75.2,100,90,2.51
496,Nanakuli,US,2020-11-07 21:34:35,21.39,-158.15,84.2,66,75,6.93
497,Luwuk,ID,2020-11-07 21:34:35,-0.95,122.79,78.01,75,94,5.17
498,Yatou,CN,2020-11-07 21:34:36,37.15,122.38,45.45,56,0,13.49
499,Cartagena Del Chaira,CO,2020-11-07 21:34:36,1.33,-74.84,83.32,75,90,3.96
500,Valparaiso,CL,2020-11-07 21:31:09,-33.04,-71.63,59.0,93,75,5.82
501,Querfurt,DE,2020-11-07 21:34:36,51.38,11.6,41.0,80,0,8.05
502,Sangar,RU,2020-11-07 21:34:29,63.92,127.47,-12.62,89,99,4.5
503,General Pico,AR,2020-11-07 21:34:37,-35.66,-63.76,80.73,35,55,10.02
504,Kaili,ID,2020-11-07 21:34:37,-3.46,120.21,69.19,76,85,1.66
505,Bitung,ID,2020-11-07 21:34:37,1.45,125.18,77.0,94,40,12.28
506,Chokwe,MZ,2020-11-07 21:34:38,-24.53,32.98,88.88,34,0,8.86
507,Faya,SA,2020-11-07 21:34:38,18.39,42.45,60.8,62,0,1.05
508,Matehuala,MX,2020-11-07 21:34:30,23.65,-100.65,74.82,20,35,4.21
509,Anloga,GH,2020-11-07 21:34:38,5.79,0.9,82.4,83,40,11.41
510,Porto Santo,PT,2020-11-07 21:34:38,33.07,-16.34,64.4,82,20,4.7
511,Bambui,BR,2020-11-07 21:34:38,-20.01,-45.98,80.46,52,61,5.66
512,Tubuala,PA,2020-11-07 21:34:39,9.52,-79.03,82.4,69,20,10.29
513,Araouane,ML,2020-11-07 21:34:39,18.9,-3.53,82.94,15,0,9.48
514,Scarborough,GB,2020-11-07 21:30:09,54.28,-0.4,44.01,94,13,4.0
515,Lingyuan,CN,2020-11-07 21:34:40,41.24,119.4,25.66,65,0,3.69
516,Corowa,AU,2020-11-07 21:34:40,-36.03,146.38,55.0,82,0,6.11
517,Comodoro Rivadavia,AR,2020-11-07 21:32:59,-45.87,-67.5,68.0,45,0,14.99
518,Guider,CM,2020-11-07 21:34:40,9.93,13.95,78.17,29,34,5.79
519,Karlskrona,SE,2020-11-07 21:34:40,56.16,15.59,46.4,93,73,5.82
520,Wanning,CN,2020-11-07 21:34:41,18.8,110.4,71.65,80,0,9.89
521,Mudgee,AU,2020-11-07 21:34:41,-32.59,149.59,57.99,67,40,10.29
522,Mercedes,AR,2020-11-07 21:34:41,-34.65,-59.43,78.01,42,12,4.0
523,Kelowna,CA,2020-11-07 21:31:02,49.88,-119.49,39.99,51,90,9.17
524,Pekan,MY,2020-11-07 21:34:42,3.48,103.4,77.0,94,20,2.24
525,Ust-Kan,RU,2020-11-07 21:34:42,50.93,84.76,32.05,91,3,5.21
526,Kuala Lipis,MY,2020-11-07 21:34:42,4.18,102.05,72.99,97,92,0.6
527,Angoche,MZ,2020-11-07 21:34:42,-16.23,39.91,77.31,81,28,12.77
528,Galle,LK,2020-11-07 21:34:42,6.04,80.22,78.3,84,0,3.18
529,Salalah,OM,2020-11-07 21:34:42,17.02,54.09,75.2,64,0,2.24
530,Elliot Lake,CA,2020-11-07 21:34:43,46.38,-82.63,57.2,76,1,9.17
531,Birjand,IR,2020-11-07 21:31:27,32.87,59.22,55.4,16,0,13.87
532,Yumen,CN,2020-11-07 21:34:43,40.28,97.2,27.19,84,4,0.36
533,Zhoucheng,CN,2020-11-07 21:34:43,35.91,116.31,45.46,50,0,8.99
534,Puerto Carreno,CO,2020-11-07 21:34:43,6.19,-67.49,85.32,70,67,7.0
535,Yakeshi,CN,2020-11-07 21:30:03,49.28,120.73,4.8,91,0,5.55
536,Yafran,LY,2020-11-07 21:34:44,32.06,12.53,55.38,86,0,2.48
537,Isiro,CD,2020-11-07 21:34:44,2.77,27.62,68.59,95,75,0.92
538,Turkistan,KZ,2020-11-07 21:34:44,43.0,68.0,62.47,24,75,19.82
539,Leshukonskoye,RU,2020-11-07 21:34:44,64.9,45.76,32.61,97,100,9.48
540,Kamenka,RU,2020-11-07 21:34:44,51.32,42.77,37.99,91,6,9.53
541,Jiazi,CN,2020-11-07 21:34:45,22.88,116.07,70.48,82,92,12.12
542,Ust-Nera,RU,2020-11-07 21:34:45,64.57,143.2,-10.12,82,74,5.5
543,Ban Phai,TH,2020-11-07 21:34:45,16.06,102.73,71.6,88,75,3.36
544,Agutaya,PH,2020-11-07 21:34:45,11.15,120.94,78.4,81,100,14.27
545,Pacific Grove,US,2020-11-07 21:34:45,36.62,-121.92,57.99,66,75,11.41
546,La Rioja,ES,2020-11-07 21:34:45,42.25,-2.5,55.99,100,90,2.24
547,Atar,MR,2020-11-07 21:34:08,20.52,-13.05,86.22,18,74,9.51
548,Krasnoselkup,RU,2020-11-07 21:34:46,65.7,82.47,34.34,98,100,10.13
549,Ambon,ID,2020-11-07 21:34:46,-3.7,128.18,75.0,16,81,9.31
550,Novobohdanivka,UA,2020-11-07 21:34:46,47.08,35.33,49.3,75,87,6.35
551,Vardo,NO,2020-11-07 21:30:36,70.37,31.11,39.94,72,74,28.61
552,Verkhoyansk,RU,2020-11-07 21:34:46,67.54,133.38,-26.75,84,18,1.16
553,Castrillon,ES,2020-11-07 21:34:46,43.4,-6.79,59.0,82,0,2.24
554,Sorland,NO,2020-11-07 21:34:47,67.67,12.69,40.48,70,100,15.93
555,Zarate,AR,2020-11-07 21:34:47,-34.1,-59.03,77.0,60,0,11.41
556,Svetlyy,RU,2020-11-07 21:34:47,54.67,20.13,46.4,100,90,11.18
557,Red Bluff,US,2020-11-07 21:34:47,40.18,-122.24,59.0,29,90,4.7
558,Male,MV,2020-11-07 21:34:47,4.17,73.51,83.53,70,66,5.14
559,Vilhena,BR,2020-11-07 21:31:24,-12.74,-60.15,82.4,65,0,8.05
560,Kulu,TR,2020-11-07 21:34:48,39.1,33.08,44.56,60,0,9.19
561,Qasigiannguit,GL,2020-11-07 21:34:48,68.82,-51.19,12.2,56,56,6.93
562,Mumford,GH,2020-11-07 21:34:48,5.26,-0.76,79.5,85,100,11.5
563,Christchurch,NZ,2020-11-07 21:30:05,-43.53,172.63,46.99,100,100,21.92
564,Santa Cruz,BO,2020-11-07 21:33:26,-17.8,-63.17,96.8,37,0,8.05
565,Shache,CN,2020-11-07 21:29:50,38.42,77.24,32.88,84,0,3.29
566,Kiruna,SE,2020-11-07 21:34:49,67.86,20.23,30.2,68,0,17.22
567,Werda,BW,2020-11-07 21:34:49,-25.27,23.28,81.97,20,0,4.79
568,Bubaque,GW,2020-11-07 21:34:49,11.28,-15.83,84.78,78,0,13.82
569,Khorixas,NA,2020-11-07 21:30:12,-20.37,14.97,67.5,37,0,5.41
570,Hammerfest,NO,2020-11-07 21:34:50,70.66,23.68,37.4,86,100,20.8
571,Catamarca,AR,2020-11-07 21:34:02,-28.47,-65.79,87.01,29,4,5.99
572,Turukhansk,RU,2020-11-07 21:34:51,65.82,87.98,19.33,97,100,18.81
573,Ussel,FR,2020-11-07 21:34:51,45.55,2.32,52.52,96,100,6.04
574,Akabira,JP,2020-11-07 21:34:51,43.55,142.05,43.21,79,94,4.34
575,Gualeguay,AR,2020-11-07 21:34:51,-33.14,-59.31,73.42,66,38,7.94
576,Iranshahr,IR,2020-11-07 21:34:52,27.2,60.68,66.2,17,0,6.93
577,Hambantota,LK,2020-11-07 21:34:52,6.12,81.12,78.96,81,0,9.28
578,Launceston,AU,2020-11-07 21:34:25,-41.45,147.17,54.0,76,40,4.7
579,Mtwara,TZ,2020-11-07 21:34:52,-10.27,40.18,80.6,74,20,11.41
580,Vila Velha,BR,2020-11-07 21:32:33,-20.33,-40.29,77.0,83,90,6.93
581,La Salle,US,2020-11-07 21:34:52,41.33,-89.09,71.6,40,1,12.75
582,Saint-Louis,SN,2020-11-07 21:34:53,16.33,-15.0,92.86,21,0,10.87
